Name,Rating,Address,Phone,Verified
Enlight Mediaworks,4.8,Pune,Show Number,No
Morya Digital Photo Studio,4.2,"Camp, Pune",Show Number,No
Jayesh Photographers,5.0,Pune,Show Number,No
Khauwale Patankar,3.2,"Bajirao Road Camp, Pune",Show Number,No
Mount Advertising Agency,4.9,"Khadki Moledina Road, Pune",Show Number,No
Jayant Mehta,4.7,"Prestige Point283 Shukrawar Point Moledina Road, Pune",Show Number,No
Kalasagar Photo Studio,4.3,"Narayangaon Camp, Pune",Show Number,No
Hardcastle Gis Solutions Pvt Ltd,5.0,"Camp, Pune",Show Number,No
Nirmala Savadekar Award Winner,5.0,"Kusum 96 National Society Camp, Pune",Show Number,No
Khomany Photo Studio,4.5,"City Pride Complex Camp, Pune",Show Number,No
V B & Co,3.0,"278/79 Nearyn Point Camp, Pune",,No
Vignette,3.0,"893sadashiv Point Camp, Pune",Show Number,No
Mayur Arts,3.0,"Somnath Nagar Vadgaonsheri Camp, Pune",Show Number,No
R K Studio,5.0,"Sadhu Vaswani Road Camp, Pune",Show Number,No
Ss Event,4.8,"M G Road Koregaon Park, Pune",Show Number,No
Joy Photo Studio,4.0,"Station Road New Mangalwar Peth, Pune",Show Number,No
Surana Traders Digital Life (Nucleus Mall),4.0,"Church Road Camp, Pune",Show Number,Yes
Omkar Arts,4.5,"Survey No 180 Anant Krupa Apartment Kasba Peth, Pune",Show Number,No
Rwp Event Management,4.4,"The Mills At RBCC Sangamwadi, Pune",Show Number,No
Raj Enterprises,5.0,"Survey No 398 Mangalwar Peth, Pune",Show Number,No
Sundar Photo Studio,3.0,"431 Shop No 21 Siddhivinayak Keshar Complex Somwar Peth, Pune",Show Number,No
The Moment Studio,4.7,"Camp, Pune",Show Number,No
S S Entertainment,4.5,"Link Road Malad West, Mumbai",09845460247,Yes
Shivanjali Events & Decorators,4.0,"Junnar Rod Sakarnagri Old Narayangaon, Narayangaon",09845465996,Yes
Ns Creations,5.0,"Revan Siddheshwar Road Modi HUDCO, Solapur",08511575099,No
Ratnaraj Digital Studio,4.5,"Chakaliya Chokdi Godi Road, Dahod",09606401014,No
Narbada Decor & Events,4.9,"Branch Office Naya Gaon Sojat Bazar, Sojat
""Friendly staff""
6 Suggestions",08401624416,No
MoonLight Films,4.8,"Mahendra Park Rani Bagh, Delhi",07490813702,Yes
Ssgar Production,3.5,"Mangolpuri, Delhi",07383721790,No
Rhythm Orchestra and Event Management,4.8,"Rhythm Orchestra and Event Management Vijay Nagar, Kanpur",08488067584,Yes
Payal Studio Pvt Ltd,4.7,"Circular Road Abohar, Abohar",08050811895,No
Zenith Expossure,4.9,"M N K Road Baranagar, Kolkata",08460475506,No
Jmd Tourism and Logistics Corporation,4.7,"Rabindra Pally-Keshtopur, Kolkata",06364930914,No
Fulltoss Studio,4.3,"Saptashrungi Building Jogeshwari West, Mumbai",Show Number,No
Marathawada Picture Production House,4.1,"Pawan Nagar Aurangabad HO, Aurangabad-Maharashtra",Show Number,No
Roopam 3d Photo Studios,4.5,"Jodbhavi Peth Bhawani Peth, Solapur",Show Number,No
Foto Factory Digital Lab,4.2,"BGTI Road Malkapur, Buldhana",Show Number,Yes
Shooting Stars Studio,4.4,"New Ravi Nagar Rajkamal Square, Amravati",Show Number,No
Wedding Blooms Photography,4.0,"Beside Nanda Market Rajapeth, Amravati",Show Number,No
Sachin Ghode DGC Communication,4.2,"C/o Dizviz Communication Guruprasad Shastri Layout Khamla, Nagpur",Show Number,No
Alpine Creation,3.9,"Dadu Marg Barkat Nagar, Jaipur",Show Number,Yes
Sr Photography,-,Pune,,No
Bharat Photography,-,Pune,Show Number,No
Bharat Photo Studio,-,"At.post Kedgaon Camp, Pune",Show Number,No
Ganesh Photography,-,Pune,,No
Kala Aakar Photo Studio,-,Pune,Show Number,No
Adi Jadhav Photography,-,Pune,Show Number,No
Vedant Photo Studio,-,Pune,Show Number,No
Ekvira Digital Photography,-,Pune,,No
Durva Photo Studio,-,Pune,Show Number,No
Shree Photo Studio,-,Pune,Show Number,No
Fayaj Shaikh Photography,-,Pune,Show Number,No
Atharva Digital Photo Studio,-,Pune,Show Number,No
Ganesh Kashid Photography,-,Pune,Show Number,No
Kamble Photo Studio,-,Pune,Show Number,No
Dnyaneshwari Photo Studio,-,Pune,Show Number,No
Madhura Kulkarni Photography,-,Pune,Show Number,No
Praful Samarth Photography,-,Pune,Show Number,No
Balaji Photo Studio,-,Pune,Show Number,No
Video Shooting & Photography,-,Pune,Show Number,No
Rajnandidni Photography,-,"Flat No 201Building B Ajmera W Sector Agarkar Nagar, Pune",Show Number,No
Photographer Vinayak,-,Pune,Show Number,No
Sahil Photo Studio,-,Pune,Show Number,No
Dnyanraj Photo Studio,-,"Balkurshn Photography Camp, Pune",Show Number,No
Vb Photography,-,Pune,Show Number,No
R S Photography,-,"9822626291 Camp, Pune",Show Number,No
K Raj Photo Studio,-,Pune,Show Number,No
Rk Studio,-,Pune,Show Number,No
Jai Matadi Photo Studio,-,Pune,Show Number,No
Karan Photographer,-,Pune,Show Number,No
Sanghraj Photography,-,Pune,Show Number,No
Arihant Photo Studio,-,Pune,Show Number,No
Sai Photos,-,Pune,Show Number,No
Dhirajvdeore Photography,-,Pune,Show Number,No
Milind Photography,-,Pune,Show Number,No
Ysj Photography,-,Pune,Show Number,No
Shinde Photo Studio,-,Pune,Show Number,No
Ck Photography,-,Pune,Show Number,No
Photoart By Priyanka,-,Pune,Show Number,No
Raj Photo Studio,-,Pune,Show Number,No
Rohit Waghmare Photography,-,Pune,Show Number,No
Jeevraj Photography,-,Pune,Show Number,No
Unique Photography,-,Pune,Show Number,No
Pradip Zakane Photography,-,Pune,Show Number,No
Morya Photo Studio,-,Pune,Show Number,No
Standy Photography,-,Pune,,No
Joy & Winks Photography Maternity Newborn,-,Pune,Show Number,No
ASMI Photography & Films,-,Pune,Show Number,No
Sanghraj Photography,-,Pune,Show Number,No
Decan Photo Point,-,Pune,Show Number,No
Pankaj Photo Studio,-,"Nashik Camp, Pune",Show Number,No
Vihan Fotos,-,Pune,Show Number,No
Pranali Photo Studio,-,Pune,Show Number,No
R G Photography,-,Pune,Show Number,No
Sr Photography,-,Pune,Show Number,No
M G Photography,-,Pune,Show Number,No
Seven By Seven Photography,-,Pune,Show Number,No
Avi's Fasion Studio,-,Pune,Show Number,No
Photography Drone,-,Pune,Show Number,No
Reyansh Lohakare Photography,-,Pune,Show Number,No